Row,E arm EA (V),Voltage 2 (V),I arm IA (A),I field IF (A),P IN (W),Torque (N.m),Speed (r/min)
0,0.43,0.02,0.01,0.21,0.01,0,0.08
1,26.03,0.04,0.18,0.2,4.64,0.21,126.0
2,53.17,0.03,0.2,0.2,10.58,0.23,285.97
3,82.58,0.03,0.22,0.2,18.55,0.25,459.05
4,108.93,0.03,0.24,0.2,26.46,0.26,614.33
5,136.59,0.04,0.26,0.2,35.54,0.28,779.98
6,160.82,0.03,0.27,0.2,43.2,0.29,922.85
7,187.72,0.03,0.27,0.2,52.12,0.3,1083.56
8,213.66,0.03,0.28,0.2,61.09,0.31,1240.19
9,239.94,0.03,0.29,0.2,70.42,0.32,1394.89
10,271.14,0.02,0.29,0.2,80.62,0.33,1581.36
